/* Populate tabla usuarios */
INSERT INTO usuarios (id_usuario, usu_nombre, usu_apellido, usu_dni, usu_fecha_nac, usu_telefono, usu_celular, usu_email, usu_usuario, usu_clave, usu_rol, usu_foto, direccion) values (1,'Karina Rocio', 'Alvarez Hancco', '46844618', '1992-03-06', '5755378', '931579099', 'alvarez.hancco@gmail.com', 'karina576', '12345', '','','Av. 12 de Octubre 235');
INSERT INTO usuarios (id_usuario, usu_nombre, usu_apellido, usu_dni, usu_fecha_nac, usu_telefono, usu_celular, usu_email, usu_usuario, usu_clave, usu_rol, usu_foto, direccion) values (2,'Maritza Yelma', 'Zapata Cerrón', '46718681', '1992-03-06', '4500271', '931579099', 'maritz.yel@gmail.com', 'sciax4', '12345', '','','');
INSERT INTO usuarios (id_usuario, usu_nombre, usu_apellido, usu_dni, usu_fecha_nac, usu_telefono, usu_celular, usu_email, usu_usuario, usu_clave, usu_rol, usu_foto, direccion) values (3,'Carlos Jesus', 'Mendoza Molina', '85844713', '1992-03-06', '7488491', '931579099', 'jeshushito8@gmail.com', 'jeshushito8', '12345', '','','');
INSERT INTO usuarios (id_usuario, usu_nombre, usu_apellido, usu_dni, usu_fecha_nac, usu_telefono, usu_celular, usu_email, usu_usuario, usu_clave, usu_rol, usu_foto, direccion) values (4,'Ziomara Lena', 'Carrasco Zosier', '46447481', '1992-03-06', '5861420', '931579099', 'zio58_5@hotmail.com', 'ziomara.lena', '12345', '','','');
INSERT INTO usuarios (id_usuario, usu_nombre, usu_apellido, usu_dni, usu_fecha_nac, usu_telefono, usu_celular, usu_email, usu_usuario, usu_clave, usu_rol, usu_foto, direccion) values (5,'Andres Zosimo', 'Chocano Medina', '17435802', '1992-03-06', '5562247', '931579099', 'andy.zosimo@gmd.com.pe', 'andres.46', '12345', '','','');
INSERT INTO usuarios (id_usuario, usu_nombre, usu_apellido, usu_dni, usu_fecha_nac, usu_telefono, usu_celular, usu_email, usu_usuario, usu_clave, usu_rol, usu_foto, direccion) values (6,'Pablo Pedro', 'SantaMaria Rosadio', '06740230', '1992-03-06', '5755378', '931579099', 'pablo.santa.rosadio@gmail.com', 'santamaria46', '12345', '','','Av. Bolivar 457');
INSERT INTO usuarios (id_usuario, usu_nombre, usu_apellido, usu_dni, usu_fecha_nac, usu_telefono, usu_celular, usu_email, usu_usuario, usu_clave, usu_rol, usu_foto, direccion) values (7,'Melina Liliana', 'Chumbimune Cerna', '84127482', '1992-03-06', '5784142', '931579099', 'chumbimune_melina@gmail.com', 'melina.chumbi', '12345', '','','');
INSERT INTO usuarios (id_usuario, usu_nombre, usu_apellido, usu_dni, usu_fecha_nac, usu_telefono, usu_celular, usu_email, usu_usuario, usu_clave, usu_rol, usu_foto, direccion) values (8,'Reina', 'Contar Sander', '10274833', '1992-03-06', '7488491', '931579099', 'tureina_57@gmail.com', 'reina.contar', '12345', '','','');
INSERT INTO usuarios (id_usuario, usu_nombre, usu_apellido, usu_dni, usu_fecha_nac, usu_telefono, usu_celular, usu_email, usu_usuario, usu_clave, usu_rol, usu_foto, direccion) values (9,'Catalina Misa', 'Grande Ventura', '11748595', '1992-03-06', '5861470', '931579099', 'catalina_grande@outlook.com', 'grandeventura76', '12345', '','','');
INSERT INTO usuarios (id_usuario, usu_nombre, usu_apellido, usu_dni, usu_fecha_nac, usu_telefono, usu_celular, usu_email, usu_usuario, usu_clave, usu_rol, usu_foto, direccion) values (10,'Rena Vilma', 'Retama Chumpi', '55780245', '1992-03-06', '4500271', '931579099', 'rena8476@gmail.com', 'rena.vilma', '12345', '','','Las Casuarinas 346');

/* Populate tabla productos */
INSERT INTO productos (id_producto,nombre,descripcion,precio_unitario,peso,tipo_peso,marca,tipo,stock,recomendaciones,foto,estado) values (1,'Juguete hueso','Juguete para perros en forma de hueso',7,'60','kg.','Linoli','Juguetes',18,'Perros mayores de 1 mes','',1);
INSERT INTO productos (id_producto,nombre,descripcion,precio_unitario,peso,tipo_peso,marca,tipo,stock,recomendaciones,foto,estado) values (2,'Juguete pluma','Juguete para gatos en forma de pluma',5,'250','gr.','Linoli','Juguetes',30,'Gatos mayores de 1 mes','',2);

/* Populate tabla personas */
INSERT INTO personas (id_persona, pe_nombre, pe_apellido, pe_dni, pe_fecha_nac, pe_telefono, pe_celular, pe_email, pe_rol, pe_direccion) values (1,'Karina Rocio', 'Alvarez Hancco', '46844618', '1991-04-01', '5755378', '931579099', 'alvarez.hancco@gmail.com', '1','Av. 12 de Octubre 235, S.M.P.');
INSERT INTO personas (id_persona, pe_nombre, pe_apellido, pe_dni, pe_fecha_nac, pe_telefono, pe_celular, pe_email, pe_rol, pe_direccion) values (2,'Maritza Yelma', 'Zapata Cerrón', '46718681', '1992-06-23', '4500271', '931579099', 'maritz.yel@gmail.com','2','Av. Los Próceres 135 Urbanización "Mi Perú" int 56 - Ventanilla');
INSERT INTO personas (id_persona, pe_nombre, pe_apellido, pe_dni, pe_fecha_nac, pe_telefono, pe_celular, pe_email, pe_rol, pe_direccion) values (3,'Carlos Jesus', 'Mendoza Molina', '85844713', '1980-05-27', '7488491', '931579099', 'jeshushito8@gmail.com','2','Av. Los Ángeles 356 puerta 6');
INSERT INTO personas (id_persona, pe_nombre, pe_apellido, pe_dni, pe_fecha_nac, pe_telefono, pe_celular, pe_email, pe_rol, pe_direccion) values (4,'Ziomara Lena', 'Carrasco Zosier', '46447481', '1985-10-13', '5861420', '931579099', 'zio58_5@hotmail.com','2','Jr. Ayacucho N° 466');
INSERT INTO personas (id_persona, pe_nombre, pe_apellido, pe_dni, pe_fecha_nac, pe_telefono, pe_celular, pe_email, pe_rol, pe_direccion) values (5,'Andres Zosimo', 'Chocano Medina', '17435802', '1997-11-22', '5562247', '931579099', 'andy.zosimo@gmd.com.pe','2','"Pasaje Acuña 127, Cercado de Lima');
INSERT INTO personas (id_persona, pe_nombre, pe_apellido, pe_dni, pe_fecha_nac, pe_telefono, pe_celular, pe_email, pe_rol, pe_direccion) values (6,'Pablo Pedro', 'SantaMaria Rosadio', '06740230', '2000-03-15', '5755378', '931579099', 'pablo.santa.rosadio@gmail.com','1','Av. Bolivar 457, Lince');
INSERT INTO personas (id_persona, pe_nombre, pe_apellido, pe_dni, pe_fecha_nac, pe_telefono, pe_celular, pe_email, pe_rol, pe_direccion) values (7,'Melina Liliana', 'Chumbimune Cerna', '84127482', '1994-07-17', '5784142', '931579099', 'chumbimune_melina@gmail.com','1','AAHH "Sagrado Corazón" Mz. C lote 6');
INSERT INTO personas (id_persona, pe_nombre, pe_apellido, pe_dni, pe_fecha_nac, pe_telefono, pe_celular, pe_email, pe_rol, pe_direccion) values (8,'Reina', 'Contar Sander', '10274833', '1995-12-30', '7488491', '931579099', 'tureina_57@gmail.com','2','Av. Arequipa N° 356');
INSERT INTO personas (id_persona, pe_nombre, pe_apellido, pe_dni, pe_fecha_nac, pe_telefono, pe_celular, pe_email, pe_rol, pe_direccion) values (9,'Catalina Misa', 'Grande Ventura', '11748595', '1990-08-24', '5861470', '931579099', 'catalina_grande@outlook.com','1','Pasaje Túpac Amaru 456');
INSERT INTO personas (id_persona, pe_nombre, pe_apellido, pe_dni, pe_fecha_nac, pe_telefono, pe_celular, pe_email, pe_rol, pe_direccion) values (10,'Rena Vilma', 'Retama Chumpi', '55780245', '1975-02-16', '4500271', '931579099', 'rena8476@gmail.com','1','Las Casuarinas 346');

/* Populate tabla usuarios2 */
INSERT INTO usuarios_web (id_usuario, usu_usuario, usu_clave, usu_foto, usu_estado, id_persona) values (1,'karina576', '12345', '','1','1');
INSERT INTO usuarios_web (id_usuario, usu_usuario, usu_clave, usu_foto, usu_estado, id_persona) values (2,'sciax4', '12345','','1','2');
INSERT INTO usuarios_web (id_usuario, usu_usuario, usu_clave, usu_foto, usu_estado, id_persona) values (3,'jeshushito8', '12345','','1','3');
INSERT INTO usuarios_web (id_usuario, usu_usuario, usu_clave, usu_foto, usu_estado, id_persona) values (4,'ziomara.lena', '12345','','1','4');
INSERT INTO usuarios_web (id_usuario, usu_usuario, usu_clave, usu_foto, usu_estado, id_persona) values (5,'andres.46', '12345','','1','5');
INSERT INTO usuarios_web (id_usuario, usu_usuario, usu_clave, usu_foto, usu_estado, id_persona) values (6,'santamaria46', '12345','','1','6');
INSERT INTO usuarios_web (id_usuario, usu_usuario, usu_clave, usu_foto, usu_estado, id_persona) values (7,'melina.chumbi', '12345','','1','7');
INSERT INTO usuarios_web (id_usuario, usu_usuario, usu_clave, usu_foto, usu_estado, id_persona) values (8,'reina.contar', '12345','','1','8');
INSERT INTO usuarios_web (id_usuario, usu_usuario, usu_clave, usu_foto, usu_estado, id_persona) values (9,'grandeventura76', '12345','','1','9');
INSERT INTO usuarios_web (id_usuario, usu_usuario, usu_clave, usu_foto, usu_estado, id_persona) values (10,'rena.vilma', '12345','','1','10');